{
  "lightgbm": {
    "mae_seconds": 238.2934563955944,
    "mae_minutes": 3.97155760659324,
    "rmse_seconds": 356.73565989341085,
    "rmse_minutes": 5.945594331556848,
    "mape_percent": 31.122549295370217,
    "r2": 0.8116345538043902,
    "n_samples": 1421331
  },
  "random_forest": {
    "mae_seconds": 264.50751440592285,
    "mae_minutes": 4.408458573432047,
    "rmse_seconds": 393.0416273212076,
    "rmse_minutes": 6.550693788686794,
    "mape_percent": 34.601628439543454,
    "r2": 0.7713425854606545,
    "n_samples": 1421331
  }
}